City,Country,State Province,Latitude (generated),Longitude (generated)
Whitehorse,CA,YT,60.716,-135.053
Watson Lake,CA,YT,,
Ross River,CA,YT,,
Mayo,CA,YT,,
Haines Junction,CA,YT,,
Faro,CA,YT,,
Destruction Bay,CA,YT,,
Dawson City,CA,YT,,
Dawson,CA,YT,,
Carmacks,CA,YT,,
Work from Home,CA,UNKNOWN,,
Remote,CA,UNKNOWN,,
NA,CA,UNKNOWN,,
Home Based,CA,UNKNOWN,,
Field,CA,UNKNOWN,,
Yorkton,CA,SK,51.216,-102.467
Wynyard,CA,SK,,
Willowbrook,CA,SK,,
Willow Bunch,CA,SK,,
Wilkie,CA,SK,,
Wilcox,CA,SK,,
Whitewood,CA,SK,,
Whitecap,CA,SK,,
White City,CA,SK,,
Weyburn,CA,SK,,
Welwyn,CA,SK,,
Watson,CA,SK,,
Watrous,CA,SK,,
Waskesiu Lake,CA,SK,,
Warman,CA,SK,,
Wakaw,CA,SK,,
Wadena,CA,SK,,
Vanscoy,CA,SK,,
Usherville,CA,SK,,
Unity,CA,SK,,
Turtleford,CA,SK,,
Turnor Lake,CA,SK,,
Tisdale,CA,SK,,
Tiny,CA,SK,,
Theodore,CA,SK,,
Tessier,CA,SK,,
Swift Current,CA,SK,,
Success,CA,SK,,
Strongfield,CA,SK,,
Strasbourg,CA,SK,,
Stoughton,CA,SK,,
Stornoway,CA,SK,,
Star City,CA,SK,,
Stanley Mission,CA,SK,,
St. Brieux,CA,SK,,
Spy Hill,CA,SK,,
Spiritwood,CA,SK,,
Southend,CA,SK,,
Shellbrook,CA,SK,,
Shaunavon,CA,SK,,
Sceptre,CA,SK,,
Saskatoon,CA,SK,52.116,-106.634
Saskatchewan Beach,CA,SK,,
Sandy Bay,CA,SK,,
Saltcoats,CA,SK,,
Salt Lake,CA,SK,,
Runnymede,CA,SK,,
Rouleau,CA,SK,,
Rosthern,CA,SK,,
Rosetown,CA,SK,,
Rose Valley,CA,SK,,
Rockglen,CA,SK,,
Rocanville,CA,SK,,
Resource,CA,SK,,
Regina,CA,SK,50.45,-104.617
Reford,CA,SK,,
Raymore,CA,SK,,
Rama,CA,SK,,
Radville,CA,SK,,
Qu'Appelle,CA,SK,,
Punnichy,CA,SK,,
Prince Albert,CA,SK,53.2,-105.767
Preeceville,CA,SK,,
Porcupine Plain,CA,SK,,
Ponteix,CA,SK,,
Plenty,CA,SK,,
Pleasantdale,CA,SK,,
Pinehouse Lake,CA,SK,,
Pilot Butte,CA,SK,,
Pangman,CA,SK,,
Oxbow,CA,SK,,
Outlook,CA,SK,,
Onion Lake,CA,SK,,
Ogema,CA,SK,,
North Battleford,CA,SK,52.783,-108.284
Nokomis,CA,SK,,
Nipawin,CA,SK,,
Neudorf,CA,SK,,
Neilburg,CA,SK,,
Naicam,CA,SK,,
NA,CA,SK,,
Muskeg Lake,CA,SK,,
Muenster,CA,SK,,
Moosomin,CA,SK,,
Moose Jaw,CA,SK,50.4,-105.534
Montreal Lake,CA,SK,,
Montmartre,CA,SK,,
Missinipe,CA,SK,,
Milestone,CA,SK,,
Middle Lake,CA,SK,,
Melville,CA,SK,,
Melfort,CA,SK,,
Meadow Lake,CA,SK,,
McLean,CA,SK,,
Martensville,CA,SK,,
Marshall,CA,SK,,
Marsden,CA,SK,,
Marchwell,CA,SK,,
Maple Creek,CA,SK,,
Mankota,CA,SK,,
Manitou Beach,CA,SK,,
Major,CA,SK,,
Maidstone,CA,SK,,
Madrid,CA,SK,,
Macklin,CA,SK,,
Lumsden,CA,SK,,
Lucky Lake,CA,SK,,
Loreburn,CA,SK,,
Lloydminster,CA,SK,53.283,-110.001
Little Buffalo,CA,SK,,
Lipton,CA,SK,,
Leroy,CA,SK,,
Leoville,CA,SK,,
Leask,CA,SK,,
Leader,CA,SK,,
Lanigan,CA,SK,,
Langham,CA,SK,,
Langenburg,CA,SK,,
Lampman,CA,SK,,
Lakeview,CA,SK,,
Lake Lenore,CA,SK,,
La Ronge,CA,SK,,
La Loche,CA,SK,,
Kronau,CA,SK,,
Kipling,CA,SK,,
Kinistino,CA,SK,,
Kindersley,CA,SK,,
Kincaid,CA,SK,,
Kennedy,CA,SK,,
Kenaston,CA,SK,,
Kelvington,CA,SK,,
Kamsack,CA,SK,,
Java,CA,SK,,
Ituna,CA,SK,,
Humboldt,CA,SK,,
Hudson Bay,CA,SK,,
Horizon,CA,SK,,
Halbrite,CA,SK,,
Hafford,CA,SK,,
Gull Lake,CA,SK,,
Gronlid,CA,SK,,
Gravelbourg,CA,SK,,
Goodsoil,CA,SK,,
Glaslyn,CA,SK,,
Gainsborough,CA,SK,,
Frontier,CA,SK,,
Fort Qu'Appelle,CA,SK,,
Forget,CA,SK,,
Fond Du Lac,CA,SK,,
Foam Lake,CA,SK,,
Fleming,CA,SK,,
Fillmore,CA,SK,,
Eston,CA,SK,,
Estevan,CA,SK,,
Esterhazy,CA,SK,,
Emma Lake,CA,SK,,
Emerald Park,CA,SK,,
Elrose,CA,SK,,
Edam,CA,SK,,
Eatonia,CA,SK,,
Dorintosh,CA,SK,,
Dinsmore,CA,SK,,
Deer Ridge,CA,SK,,
Davidson,CA,SK,,
Cut Knife,CA,SK,,
Creighton,CA,SK,,
Creelman,CA,SK,,
Craven,CA,SK,,
Craik,CA,SK,,
Court,CA,SK,,
Coronach,CA,SK,,
Churchbridge,CA,SK,,
Carrot River,CA,SK,,
Carpenter,CA,SK,,
Caronport,CA,SK,,
Carnduff,CA,SK,,
Carlyle,CA,SK,,
Canwood,CA,SK,,
Canora,CA,SK,,
Canoe Lake,CA,SK,,
Cabri,CA,SK,,
Buffalo Narrows,CA,SK,,
Brock,CA,SK,,
Broadview,CA,SK,,
Bredenbury,CA,SK,,
Birch Hills,CA,SK,,
Biggar,CA,SK,,
Big River,CA,SK,,
Bengough,CA,SK,,
Belle Plaine,CA,SK,,
Beauval,CA,SK,,
Battleford,CA,SK,,
Balcarres,CA,SK,,
Avonlea,CA,SK,,
Assiniboia,CA,SK,,
Arran,CA,SK,,
Arcola,CA,SK,,
Arborfield,CA,SK,,
Amsterdam,CA,SK,,
Ambassador,CA,SK,,
Alameda,CA,SK,,
Air Ronge,CA,SK,,
Adams,CA,SK,,
Aberdeen,CA,SK,,
Yamachiche,CA,QC,,
Winneway,CA,QC,,
Windsor,CA,QC,,
Wickham,CA,QC,,
Westmount,CA,QC,45.483,-73.599
West Island,CA,QC,,
Wendake,CA,QC,,
Weedon,CA,QC,,
Waterville,CA,QC,,
Waterloo,CA,QC,,
Waskaganish,CA,QC,,
Warwick,CA,QC,,
Warden,CA,QC,,
Wakefield,CA,QC,,
Vimont,CA,QC,,
Villeroy,CA,QC,,
Villeray,CA,QC,,
Ville-Marie,CA,QC,,
Victoriaville,CA,QC,46.05,-71.965
Verdun,CA,QC,,
Vercheres,CA,QC,,
Vaudreuil-Soulanges,CA,QC,,
Vaudreuil-Dorion,CA,QC,45.4,-74.032
Varennes,CA,QC,45.683,-73.432
Vanier,CA,QC,,
Vallee-jonction,CA,QC,,
Valcourt,CA,QC,,
Val-Joli,CA,QC,,
Val-des-Monts,CA,QC,,
Val-david,CA,QC,,
Val-d'Or,CA,QC,48.1,-77.782
Val-belair,CA,QC,,
Val-alain,CA,QC,,
Trois-Rivières,CA,QC,46.35,-72.549
Trois-pistoles,CA,QC,,
Thurso,CA,QC,,
Thomas,CA,QC,,
Thetford Mines,CA,QC,46.093,-71.305
Terrebonne,CA,QC,45.7,-73.647
Tennessee,CA,QC,,
Témiscaming,CA,QC,,
Tadoussac,CA,QC,,
Sutton,CA,QC,,
Summit,CA,QC,,
Stoneham,CA,QC,,
Stoke,CA,QC,,
Stanstead,CA,QC,,
Sorel-Tracy,CA,QC,46.033,-73.115
Sorel,CA,QC,,
Sillery,CA,QC,,
Sherrington,CA,QC,,
Sherbrooke,CA,QC,45.4,-71.899
Shawville,CA,QC,,
Shawinigan,CA,QC,46.566,-72.749
Shannon,CA,QC,,
Sept-Îles,CA,QC,50.2,-66.382
Senneville,CA,QC,,
Senneterre,CA,QC,,
Scott,CA,QC,,
Schefferville,CA,QC,,
Sayabec,CA,QC,,
Salaberry-de-Valleyfield,CA,QC,45.25,-74.132
Saints-anges,CA,QC,,
Sainte-Thérèse,CA,QC,45.639,-73.827
Sainte-Sophie-de-Lévrard,CA,QC,,
Sainte-Sophie,CA,QC,,
Sainte-Sabine,CA,QC,,
Sainte-rose,CA,QC,,
Sainte-monique-lac-saint-jean,CA,QC,,
Sainte-Mélanie,CA,QC,,
Sainte-Martine,CA,QC,,
Sainte-Marthe-sur-le-Lac,CA,QC,,
Sainte-Marie-Salomé,CA,QC,,
Sainte-Marie-De-Beauce,CA,QC,,
Sainte-Marie,CA,QC,,
Sainte-Marguerite-du-Lac-Masson,CA,QC,,
Sainte-Marcelline-de-Kildare,CA,QC,,
Sainte-madeleine,CA,QC,,
Sainte-luce,CA,QC,,
Sainte-justine,CA,QC,,
Sainte-Julienne,CA,QC,,
Sainte-Julie,CA,QC,45.583,-73.332
Sainte-henedine,CA,QC,,
Sainte-Hélène-de-Bagot,CA,QC,,
Sainte-Geneviève,CA,QC,,
Sainte-Foy,CA,QC,,
Sainte-flavie,CA,QC,,
Sainte-Dorothée,CA,QC,,
Sainte-croix,CA,QC,,
Sainte-Clotilde-de-Châteauguay,CA,QC,,
Sainte-clotilde-de-beauce,CA,QC,,
Sainte-claire,CA,QC,,
Sainte-Cécile-de-Milton,CA,QC,,
Sainte-Cécile-de-Lévrard,CA,QC,,
Sainte-catherine-de-hatley,CA,QC,,
Sainte-Catherine,CA,QC,46.318,-72.566
Sainte-Brigitte-des-Saults,CA,QC,,
Sainte-brigitte-de-laval,CA,QC,,
Sainte-Brigitte,CA,QC,,
Sainte-Anne-des-Plaines,CA,QC,,
Sainte-Anne-des-Monts,CA,QC,,
Sainte-Anne-de-la-Pérade,CA,QC,,
Sainte-Anne-de-Bellevue,CA,QC,,
Sainte-Anne-de-Beaupré,CA,QC,,
Sainte-Agathe-des-Monts,CA,QC,,
Sainte-Agathe,CA,QC,,
Sainte-Adèle,CA,QC,,
Sainte Catherine de la Jacques Cartier,CA,QC,,
Saint-Victor,CA,QC,,
Saint-vianney,CA,QC,,
Saint-vallier,CA,QC,,
Saint-Valérien-de-Milton,CA,QC,,
Saint-Valère,CA,QC,,
Saint-Tite,CA,QC,,
Saint-Thomas,CA,QC,,
Saint-telesphore,CA,QC,,
Saint-Simon,CA,QC,,
Saint-sebastien-de-frontenac,CA,QC,,
Saint-sauveur,CA,QC,,
Saint-Rosaire,CA,QC,,
Saint-romuald,CA,QC,,
Saint-Roch-de-l'Achigan,CA,QC,,
Saint-Roch,CA,QC,,
Saint-robert-bellarmin,CA,QC,,
Saint-Rémi-de-Tingwick,CA,QC,,
Saint-Rémi,CA,QC,,
Saint-raymond,CA,QC,,
Saint-Polycarpe,CA,QC,,
Saint-Placide,CA,QC,,
Saint-Pie,CA,QC,,
Saint-Philippe,CA,QC,,
Saint-philemon,CA,QC,,
Saint-paulin,CA,QC,,
Saint-Paul-d'Abbotsford,CA,QC,,
Saint-Paul,CA,QC,,
Saint-pascal,CA,QC,,
Saint-Pamphile,CA,QC,,
Saint-Odilon,CA,QC,,
Saint-Norbert,CA,QC,,
Saint-nicolas,CA,QC,,
Saint-Nicéphore,CA,QC,,
Saint-Nazaire,CA,QC,,
Saint-Michel-des-Saints,CA,QC,,
Saint-Michel-de-Bellechasse,CA,QC,,
Saint-Michel,CA,QC,,
Saint-Mathieu-de-Rioux,CA,QC,,
Saint-mathieu-de-laprairie,CA,QC,,
Saint-Mathieu-de-Beloeil,CA,QC,,
Saint-Mathieu,CA,QC,,
Saint-Mathias-sur-Richelieu,CA,QC,,
Saint-mathias-sur-richelieu,CA,QC,,
Saint-Martin,CA,QC,,
Saint-Marc-des-Carrières,CA,QC,,
Saint-Malo,CA,QC,,
Saint-magloire,CA,QC,,
Saint-Ludger-de-Milot,CA,QC,,
Saint-ludger-de-milot,CA,QC,,
Saint-ludger,CA,QC,,
Saint-Louis-de-Gonzague,CA,QC,,
Saint-Louis-de-Blandford,CA,QC,,
Saint-Lin--Laurentides,CA,QC,,
Saint-Lin,CA,QC,,
Saint-Liboire,CA,QC,,
Saint-Léonard-d'Aston,CA,QC,,
Saint-leonard,CA,QC,,
Saint-lazare-de-bellechasse,CA,QC,,
Saint-Lazare,CA,QC,45.4,-74.132
Saint-Laurent,CA,QC,45.5,-73.665
Saint-lambert-de-lauzon,CA,QC,,
Saint-Lambert,CA,QC,48.952,-79.459
Saint-jules,CA,QC,,
Saint-Jude,CA,QC,,
Saint-joseph-de-beauce,CA,QC,,
Saint-Jérôme,CA,QC,45.78,-74.003
Saint-Jean-sur-Richelieu,CA,QC,45.316,-73.265
Saint-jean-port-joli,CA,QC,,
Saint-Jean-de-Matha,CA,QC,,
Saint-jean-baptiste,CA,QC,,
Saint-Jean,CA,QC,,
Saint-Jacques-le-Mineur,CA,QC,,
Saint-jacques-le-mineur,CA,QC,,
Saint-Jacques,CA,QC,,
Saint-isidore-de-laprairie,CA,QC,,
Saint-isidore,CA,QC,,
Saint-Ignace-de-Stanbridge,CA,QC,,
Saint-Hyacinthe,CA,QC,45.616,-72.949
Saint-Hubert,CA,QC,,
Saint-Honoré-de-Shenley,CA,QC,,
Saint-Hilaire,CA,QC,,
Saint-henri-de-levis,CA,QC,,
Saint-Henri,CA,QC,,
Saint-Guillaume,CA,QC,,
Saint-Grégoire,CA,QC,,
Saint-Germain-de-Grantham,CA,QC,,
Saint-Georges-de-Beauce,CA,QC,,
Saint-Georges,CA,QC,,
Saint-Gédéon-de-Beauce,CA,QC,,
Saint-Gédéon,CA,QC,,
Saint-Gabriel-de-Valcartier,CA,QC,,
Saint-Gabriel,CA,QC,,
Saint-francois-du-lac,CA,QC,,
Saint-francois-d'assise,CA,QC,,
Saint-François,CA,QC,,
Saint-Ferdinand,CA,QC,,
Saint-Félix-de-Valois,CA,QC,,
Saint-Félix-de-Kingsey,CA,QC,,
Saint-Félicien,CA,QC,,
Saint-Faustin-Lac-Carré,CA,QC,,
Saint-Évariste-de-Forsyth,CA,QC,,
Saint-Eustache,CA,QC,45.565,-73.905
Saint-Eugène-de-Grantham,CA,QC,,
Saint-Eugène,CA,QC,,
Saint-Étienne,CA,QC,,
Saint-Esprit,CA,QC,,
Saint-ephrem-de-beauce,CA,QC,,
Saint-Émile,CA,QC,,
Saint-Elzéar,CA,QC,,
Saint-Elizabeth,CA,QC,,
Saint-edouard-de-lotbiniere,CA,QC,,
Saint-donat-de-montcalm,CA,QC,,
Saint-donat,CA,QC,,
Saint-Dominique,CA,QC,,
Saint-Denis-sur-Richelieu,CA,QC,,
Saint-Denis-de-Brompton,CA,QC,,
Saint-David,CA,QC,,
Saint-damien-de-buckland,CA,QC,,
Saint-Damien,CA,QC,,
Saint-Damase,CA,QC,,
Saint-Constant,CA,QC,45.366,-73.565
Saint-Côme,CA,QC,,
Saint-Colomban,CA,QC,,
Saint-clet,CA,QC,,
Saint-Charles-sur-Richelieu,CA,QC,,
Saint-Charles-de-Drummond,CA,QC,,
Saint-charles-de-bellechasse,CA,QC,,
Saint-Charles-Borromée,CA,QC,,
Saint-Charles,CA,QC,,
Saint-Césaire,CA,QC,,
Saint-Célestin,CA,QC,,
Saint-Casimir,CA,QC,,
Saint-Calixte-de-Kilkenny,CA,QC,,
Saint-bruno-lac-saint-jean,CA,QC,,
Saint-Bruno-de-Montarville,CA,QC,45.533,-73.349
Saint-boniface-de-shawinigan,CA,QC,,
Saint-Bonaventure,CA,QC,,
Saint-blaise-sur-richelieu,CA,QC,,
Saint-Bernard-de-Lacolle,CA,QC,,
Saint-bernard,CA,QC,,
Saint-benoit-labre,CA,QC,,
Saint-Basile-le-Grand,CA,QC,45.533,-73.282
Saint-augustin-de-desmaures,CA,QC,46.74,-71.451
Saint-Augustin,CA,QC,,
Saint-arsene,CA,QC,,
Saint-apollinaire,CA,QC,,
Saint-antonin,CA,QC,,
Saint-Antoine-sur-Richelieu,CA,QC,,
Saint-antoine-de-tilly,CA,QC,,
Saint-Anselme,CA,QC,,
Saint-André-Avellin,CA,QC,,
Saint-Ambroise-de-Kildare,CA,QC,,
Saint-Amable,CA,QC,,
Saint-Alphonse-de-Granby,CA,QC,,
Saint-Alexis-des-Monts,CA,QC,,
Saint-Alexis,CA,QC,,
Saint-alexandre-de-kamouraska,CA,QC,,
Saint-alban,CA,QC,,
Saint-Adrien,CA,QC,,
Saguenay,CA,QC,48.416,-71.065
Roxton Pond,CA,QC,,
Roxton Falls,CA,QC,,
Roxboro,CA,QC,,
Rouyn-Noranda,CA,QC,48.239,-79.028
Rougemont,CA,QC,,
Rosemère,CA,QC,,
Rockland,CA,QC,,
Rock Forest,CA,QC,,
Roberval,CA,QC,,
Rivière-Rouge,CA,QC,,
Rivière-du-Loup,CA,QC,47.83,-69.534
Rivière-des-Prairies,CA,QC,,
Rimouski,CA,QC,48.448,-68.523
Rigaud,CA,QC,,
Richmond,CA,QC,,
Richelieu,CA,QC,,
Repentigny,CA,QC,45.742,-73.45
Rawdon,CA,QC,,
Radisson,CA,QC,,
Racine,CA,QC,,
Quyon,CA,QC,,
Quebec City,CA,QC,46.812,-71.214
Puvirnituq,CA,QC,,
Princeville,CA,QC,,
Prevost,CA,QC,,
Portneuf,CA,QC,,
Port-daniel,CA,QC,,
Port-Cartier,CA,QC,,
Pont-rouge,CA,QC,,
Pointe-Saint-Charles,CA,QC,,
Pointe-Claire,CA,QC,45.448,-73.816
Pointe-aux-trembles,CA,QC,,
Pohenegamook,CA,QC,,
Plessisville,CA,QC,,
Plaisance,CA,QC,,
Place-Laurier,CA,QC,,
Pintendre,CA,QC,,
Pincourt,CA,QC,,
Pierreville,CA,QC,,
Pierrefonds,CA,QC,,
Piedmont,CA,QC,,
Petite-riviere-saint-francois,CA,QC,,
Paspebiac,CA,QC,,
Parent,CA,QC,,
Parc Ignace-Bourget,CA,QC,,
Papineauville,CA,QC,,
Outremont,CA,QC,,
Orford,CA,QC,,
Oka,CA,QC,,
Nunavik,CA,QC,,
Noyan,CA,QC,,
Notre-dame-du-nord,CA,QC,,
Notre-Dame-du-Bon-Conseil,CA,QC,,
Notre-dame-des-prairies,CA,QC,,
Notre-dame-des-pins,CA,QC,,
Notre-Dame-de-Lourdes,CA,QC,,
Notre-Dame-de-la-Salette,CA,QC,,
Notre-dame-de-la-paix,CA,QC,,
Notre-dame-de-l'ile-perrot,CA,QC,,
Notre-Dame-de-Grâce,CA,QC,,
North Hatley,CA,QC,,
Normandin,CA,QC,,
Nicolet,CA,QC,,
New Richmond,CA,QC,,
New Carlisle,CA,QC,,
Neuville,CA,QC,,
National Capital Region,CA,QC,,
Napierville,CA,QC,,
NA,CA,QC,,
Morin-heights,CA,QC,,
Montréal-Ouest,CA,QC,,
Montreal-nord,CA,QC,,
Montréal-Est,CA,QC,,
Montréal,CA,QC,45.508,-73.587
Montmagny,CA,QC,,
Montebello,CA,QC,,
Mont-Tremblant,CA,QC,,
Mont-Saint-Hilaire,CA,QC,45.566,-73.199
Mont-Saint-Grégoire,CA,QC,,
Mont-royal,CA,QC,45.516,-73.649
Mont-Laurier,CA,QC,,
Mont-Joli,CA,QC,,
Mistissini,CA,QC,,
Mirabel,CA,QC,45.65,-74.082
Metabetchouan-lac-a-la-croix,CA,QC,,
Mercier,CA,QC,,
Melbourne,CA,QC,,
Mcmasterville,CA,QC,,
McMasterville,CA,QC,,
Matapedia,CA,QC,,
Matane,CA,QC,,
Matagami,CA,QC,,
Massueville,CA,QC,,
Maskinonge,CA,QC,,
Mascouche,CA,QC,45.749,-73.599
Marieville,CA,QC,,
Manseau,CA,QC,,
Manouane,CA,QC,,
Maniwaki,CA,QC,,
Malartic,CA,QC,,
Magog,CA,QC,45.266,-72.149
Macamic,CA,QC,,
Lyster,CA,QC,,
Lourdes-de-joliette,CA,QC,,
Lourdes-de-blanc-sablon,CA,QC,,
Louiseville,CA,QC,,
Lotbiniere,CA,QC,,
Lorrainville,CA,QC,,
Lorraine,CA,QC,,
Loretteville,CA,QC,,
Longueuil,CA,QC,45.531,-73.518
Lévis,CA,QC,46.803,-71.177
Les Mechins,CA,QC,,
Les Eboulements,CA,QC,,
Les Coteaux,CA,QC,,
Les Cedres,CA,QC,,
Lennoxville,CA,QC,,
Lemoyne,CA,QC,,
Lebel-sur-Quévillon,CA,QC,,
Le Gardeur,CA,QC,,
Le Breton,CA,QC,,
Lavaltrie,CA,QC,,
Laval-ouest,CA,QC,,
Laval-des-Rapides,CA,QC,,
Laval,CA,QC,45.569,-73.692
Laurier-station,CA,QC,,
Laterriere,CA,QC,,
Lasalle,CA,QC,,
Lanoraie,CA,QC,,
Lacolle,CA,QC,,
Lachute,CA,QC,,
Lachine,CA,QC,,
Lachenaie,CA,QC,,
Lac-superieur,CA,QC,,
Lac-simon,CA,QC,,
Lac-Saint-Jean,CA,QC,,
Lac-saguay,CA,QC,,
Lac-Mégantic,CA,QC,,
Lac-Etchemin,CA,QC,,
Lac-beauport,CA,QC,,
Lac-au-saumon,CA,QC,,
Labelle,CA,QC,,
La Tuque,CA,QC,,
La Sarre,CA,QC,,
La Salle,CA,QC,,
La Reine,CA,QC,,
La Presentation,CA,QC,,
La Prairie,CA,QC,45.416,-73.499
La Pocatiere,CA,QC,,
La Malbaie,CA,QC,,
La Macaza,CA,QC,,
La Guadeloupe,CA,QC,,
La Dore,CA,QC,,
La Corne,CA,QC,,
La Baie,CA,QC,,
L'isletville,CA,QC,,
L'Islet,CA,QC,,
L'isle-verte,CA,QC,,
L'isle-aux-grues,CA,QC,,
L'Île-Perrot,CA,QC,,
L'Île-des-Soeurs,CA,QC,,
L'Épiphanie,CA,QC,,
L'Assomption,CA,QC,45.823,-73.429
L'Ange-Gardien,CA,QC,,
L'ange Gardien,CA,QC,,
L'Ancienne-Lorette,CA,QC,46.793,-71.351
Kuujjuaq,CA,QC,,
Knowlton,CA,QC,,
Kirkland,CA,QC,45.45,-73.865
Kingsey Falls,CA,QC,,
Kamouraska,CA,QC,,
Kahnawake,CA,QC,,
Jonquière,CA,QC,48.416,-71.248
Joliette,CA,QC,46.016,-73.449
Isle-Dieu,CA,QC,,
Inukjuak,CA,QC,,
Huntingdon,CA,QC,,
Hull,CA,QC,,
Hudson,CA,QC,,
Howick,CA,QC,,
Honfleur,CA,QC,,
Hemmingford,CA,QC,,
Hebertville-station,CA,QC,,
Hatley,CA,QC,,
Hampstead,CA,QC,,
Grenville-sur-la-rouge,CA,QC,,
Grenville,CA,QC,,
Greenfield Park,CA,QC,,
Grand-saint-esprit,CA,QC,,
Grand-mere,CA,QC,,
Granby,CA,QC,45.4,-72.732
Gracefield,CA,QC,,
Godmanchester,CA,QC,,
Gatineau,CA,QC,45.477,-75.701
Gaspé,CA,QC,,
Franklin,CA,QC,,
Fort-coulonge,CA,QC,,
Fermont,CA,QC,,
Farnham,CA,QC,,
Falardeau,CA,QC,,
Fairview,CA,QC,,
Egan,CA,QC,,
Eastman,CA,QC,,
East Broughton,CA,QC,,
Durham-Sud,CA,QC,,
Dunham,CA,QC,,
Drummondville,CA,QC,45.883,-72.482
Dorval,CA,QC,45.447,-73.753
Donnacona,CA,QC,,
Dollard-Des Ormeaux,CA,QC,45.494,-73.824
Dolbeau-mistassini,CA,QC,,
Disraeli,CA,QC,,
Deux-Montagnes,CA,QC,45.534,-73.901
Deschambault,CA,QC,,
Delson,CA,QC,,
Degelis,CA,QC,,
De l'Île,CA,QC,,
Daveluyville,CA,QC,,
Crabtree,CA,QC,,
Cowansville,CA,QC,,
Courcelles,CA,QC,,
Coteau-du-Lac,CA,QC,,
Côte-Saint-Pierre,CA,QC,,
Côte-Saint-Luc,CA,QC,45.465,-73.665
Côte-Nord-du-Golfe-du-Saint-Laurent,CA,QC,,
Cookshire-Eaton,CA,QC,,
Contrecoeur,CA,QC,,
Compton,CA,QC,,
Colombier,CA,QC,,
Coaticook,CA,QC,,
Cleveland,CA,QC,,
Clermont,CA,QC,,
Chomedey,CA,QC,,
Chisasibi,CA,QC,,
Chicoutimi,CA,QC,,
Chibougamau,CA,QC,,
Chevery,CA,QC,,
Chesterville,CA,QC,,
Chertsey,CA,QC,,
Cheneville,CA,QC,,
Chelsea,CA,QC,,
Châteauguay,CA,QC,45.383,-73.749
Chateau-richer,CA,QC,,
Charny,CA,QC,,
Charlevoix,CA,QC,,
Charlesbourg,CA,QC,,
Charlemagne,CA,QC,,
Chandler,CA,QC,,
Chambord,CA,QC,,
Chambly,CA,QC,45.45,-73.282
Chabanel,CA,QC,,
Cartierville,CA,QC,,
Carleton-sur-Mer,CA,QC,,
Carignan,CA,QC,,
Cap-Santé,CA,QC,,
Cap-Saint-Ignace,CA,QC,,
Cap-rouge,CA,QC,,
Cap-de-la-Madeleine,CA,QC,,
Candiac,CA,QC,45.383,-73.515
Canal de la Rive Sud,CA,QC,,
Campbell's Bay,CA,QC,,
Cabano,CA,QC,,
By,CA,QC,,
Bury,CA,QC,,
Buckingham,CA,QC,,
Brownsburg-Chatham,CA,QC,,
Brossard,CA,QC,45.45,-73.465
Bromont,CA,QC,,
Bourgeoys,CA,QC,,
Boucherville,CA,QC,45.591,-73.436
Boischatel,CA,QC,,
Boisbriand,CA,QC,45.616,-73.832
Bois-Franc,CA,QC,,
Bois-des-Filion,CA,QC,,
Bois,CA,QC,,
Blainville,CA,QC,45.666,-73.882
Berthierville,CA,QC,,
Beloeil,CA,QC,45.566,-73.199
Bedford,CA,QC,,
Bécancour,CA,QC,,
Beaupre,CA,QC,,
Beauport,CA,QC,,
Beaumont,CA,QC,,
Beauharnois,CA,QC,,
Beauceville,CA,QC,,
Beauce,CA,QC,,
Beaconsfield,CA,QC,45.433,-73.865
Baie-sainte-catherine,CA,QC,,
Baie-Saint-Paul,CA,QC,,
Baie-James,CA,QC,,
Baie-du-febvre,CA,QC,,
Baie-d'urfe,CA,QC,,
Baie-d'Hudson,CA,QC,,
Baie-Comeau,CA,QC,49.216,-68.148
Aylmer,CA,QC,,
Ayer's Cliff,CA,QC,,
Auteuil,CA,QC,,
Austin,CA,QC,,
Auclair,CA,QC,,
Aston-jonction,CA,QC,,
Asbestos,CA,QC,,
Arthabaska,CA,QC,,
Anjou,CA,QC,,
Ange-gardien,CA,QC,,
Amqui,CA,QC,,
Amos,CA,QC,48.566,-78.116
Alma,CA,QC,48.55,-71.649
Ahuntsic,CA,QC,,
Aguanish,CA,QC,,
Adstock,CA,QC,,
Acton Vale,CA,QC,,
Abitibi,CA,QC,,
Abbotsford,CA,QC,,
Woodstock,CA,PE,,
Wellington,CA,PE,,
Victoria,CA,PE,,
Toronto,CA,PE,,
Summerside,CA,PE,,
Strathcona,CA,PE,,
Stratford,CA,PE,,
St. Catherines,CA,PE,,
Souris,CA,PE,,
Slemon Park,CA,PE,,
Oyster Bed Bridge,CA,PE,,
O'Leary,CA,PE,,
Norway,CA,PE,,
North Shore,CA,PE,,
New Zealand,CA,PE,,
New Haven,CA,PE,,
New Annan,CA,PE,,
NA,CA,PE,,
Mount Royal,CA,PE,,
Mount Hope,CA,PE,,
Mount Albion,CA,PE,,
Morell,CA,PE,,
Montague,CA,PE,,
Marshfield,CA,PE,,
Kinkora,CA,PE,,
Kensington,CA,PE,,
Hunter River,CA,PE,,
Hampshire,CA,PE,,
Darlington,CA,PE,,
Crapaud,CA,PE,,
Cornwall,CA,PE,,
Charlottetown,CA,PE,46.235,-63.126
Borden-Carleton,CA,PE,,
Bellevue,CA,PE,,
Bangor,CA,PE,,
Alberton,CA,PE,,
Zurich,CA,ON,,
Zephyr,CA,ON,,
Yorkville,CA,ON,,
Yorkdale,CA,ON,,
York,CA,ON,,
Yonge,CA,ON,,
Wyoming,CA,ON,,
Wyebridge,CA,ON,,
Woodview,CA,ON,,
Woodstock,CA,ON,43.133,-80.749
Woodbridge,CA,ON,,
Winona,CA,ON,,
Wingham,CA,ON,,
Windsor,CA,ON,42.3,-83.016
Windham Centre,CA,ON,,
Winchester,CA,ON,,
Willowdale,CA,ON,,
Willow Beach,CA,ON,,
Wilberforce,CA,ON,,
Wiarton,CA,ON,,
Whitefish,CA,ON,,
White,CA,ON,,
Whitchurch-Stouffville,CA,ON,,
Whitby,CA,ON,43.8834,-78.9329
Wheatley,CA,ON,,
Westport,CA,ON,,
West Bay,CA,ON,,
West,CA,ON,,
Wellington,CA,ON,,
Welland,CA,ON,42.983,-79.249
Wawa,CA,ON,,
Waupoos,CA,ON,,
Waubaushene,CA,ON,,
Watford,CA,ON,,
Waterloo,CA,ON,43.466,-80.516
Waterford,CA,ON,,
Waterdown,CA,ON,,
Washington,CA,ON,,
Washago,CA,ON,,
Wasaga Beach,CA,ON,,
Warkworth,CA,ON,,
Walpole,CA,ON,,
Walnut,CA,ON,,
Wallaceburg,CA,ON,,
Walkerton,CA,ON,,
Wahnapitae,CA,ON,,
Virgil,CA,ON,,
Vineland Station,CA,ON,,
Vineland,CA,ON,,
Vienna,CA,ON,,
Victoria,CA,ON,,
Vermilion Bay,CA,ON,,
Vaughan,CA,ON,43.833,-79.532
Vars,CA,ON,,
Vankleek Hill,CA,ON,,
Vanier,CA,ON,,
Vanessa,CA,ON,,
Val Caron,CA,ON,,
Uxbridge,CA,ON,,
Utterson,CA,ON,,
Utopia,CA,ON,,
Upper,CA,ON,,
Unionville,CA,ON,,
Union,CA,ON,,
Tweed,CA,ON,,
Trenton,CA,ON,,
Trafalgar,CA,ON,,
Townsend,CA,ON,,
Tottenham,CA,ON,,
Toronto Pearson International Airport,CA,ON,,
Toronto,CA,ON,43.7,-79.416
Tobermory,CA,ON,,
Tiverton,CA,ON,,
Timmins,CA,ON,48.466,-81.333
Tillsonburg,CA,ON,,
Tilbury,CA,ON,,
Thunder Bay,CA,ON,48.4,-89.316
Thorold,CA,ON,43.116,-79.199
Thornhill,CA,ON,,
Thorndale,CA,ON,,
Thorncliffe,CA,ON,,
Thornbury,CA,ON,,
Thessalon,CA,ON,,
Thedford,CA,ON,,
The Beaches,CA,ON,,
Thamesville,CA,ON,,
Terrace Bay,CA,ON,,
Temiskaming Shores,CA,ON,,
Temagami,CA,ON,,
Tecumseh,CA,ON,,
Tavistock,CA,ON,,
Tara,CA,ON,,
Talbotville Royal,CA,ON,,
Sutton West,CA,ON,,
Sutton,CA,ON,,
Sundridge,CA,ON,,
Sunderland,CA,ON,,
Summerstown,CA,ON,,
Summer Beaver,CA,ON,,
Sturgeon Falls,CA,ON,,
Street,CA,ON,,
Strathroy,CA,ON,,
Stratford,CA,ON,43.366,-80.949
Stouffville,CA,ON,,
Stoney Creek,CA,ON,,
Stittsville,CA,ON,,
Stevensville,CA,ON,,
Steeles,CA,ON,,
Stayner,CA,ON,,
Stafford,CA,ON,,
St. Williams,CA,ON,,
St. Thomas,CA,ON,42.773,-81.18
St. Marys,CA,ON,,
St. Jacobs,CA,ON,,
St. Isidore,CA,ON,,
St. George,CA,ON,,
St. Clements,CA,ON,,
St. Clair Beach,CA,ON,,
St. Catharines,CA,ON,43.166,-79.249
St. Agatha,CA,ON,,
Springfield,CA,ON,,
Spencerville,CA,ON,,
Southern Water,CA,ON,,
South River,CA,ON,,
South Porcupine,CA,ON,,
South Mountain,CA,ON,,
South Keys,CA,ON,,
South Huron,CA,ON,,
Smithville,CA,ON,,
Smiths Falls,CA,ON,,
Sioux Lookout,CA,ON,,
Simcoe County,CA,ON,,
Simcoe,CA,ON,,
Sherkston,CA,ON,,
Shelburne,CA,ON,,
Shanty Bay,CA,ON,,
Shannonville,CA,ON,,
Selwyn,CA,ON,,
Seaforth,CA,ON,,
Scotland,CA,ON,,
Scotia,CA,ON,,
Schreiber,CA,ON,,
Schomberg,CA,ON,,
Scarborough,CA,ON,,
Sault Ste. Marie,CA,ON,46.516,-84.333
Sauble Beach,CA,ON,,
Sarnia,CA,ON,42.978,-82.404
Sandy Lake,CA,ON,,
Sandford,CA,ON,,
Salford,CA,ON,,
Ruthven,CA,ON,,
Russell,CA,ON,,
Rosseau Road,CA,ON,,
Rosseau,CA,ON,,
Roseneath,CA,ON,,
Rosemont,CA,ON,,
Rodney,CA,ON,,
Rockwood,CA,ON,,
Rockland,CA,ON,,
River Valley,CA,ON,,
Ridgeway,CA,ON,,
Richmond Hill,CA,ON,43.8711,-79.4373
Richmond,CA,ON,,
Rexdale,CA,ON,,
Renfrew,CA,ON,,
Redwood,CA,ON,,
Red Rock,CA,ON,,
Red Lake,CA,ON,,
Randall,CA,ON,,
Rama,CA,ON,,
Rainy River,CA,ON,,
Quinte West,CA,ON,44.183,-77.566
Queensville,CA,ON,,
Putnam,CA,ON,,
Puslinch,CA,ON,,
Purple Hill,CA,ON,,
Princeton,CA,ON,,
Prince Edward,CA,ON,44,-77.249
Prescott,CA,ON,,
Powell,CA,ON,,
Powassan,CA,ON,,
Portland,CA,ON,,
Port Union,CA,ON,,
Port Stanley,CA,ON,,
Port Severn,CA,ON,,
Port Rowan,CA,ON,,
Port Robinson,CA,ON,,
Port Perry,CA,ON,,
Port Lambton,CA,ON,,
Port Hope,CA,ON,,
Port Elgin,CA,ON,,
Port Dover,CA,ON,,
Port Credit,CA,ON,,
Port Colborne,CA,ON,42.9,-79.232
Port Carling,CA,ON,,
Porcupine,CA,ON,,
Pontypool,CA,ON,,
Point Edward,CA,ON,,
Plevna,CA,ON,,
Pleasant Valley,CA,ON,,
Pleasant Park,CA,ON,,
Plattsville,CA,ON,,
Plantagenet,CA,ON,,
Pittsburgh,CA,ON,,
Pine Valley,CA,ON,,
Pine Ridge,CA,ON,,
Pikangikum,CA,ON,,
Picton,CA,ON,,
Pickering,CA,ON,43.9,-79.132
Petrolia,CA,ON,,
Petersburg,CA,ON,,
Peterborough,CA,ON,44.3,-78.316
Petawawa,CA,ON,,
Perth,CA,ON,,
Perkinsfield,CA,ON,,
Penetanguishene,CA,ON,,
Pembroke,CA,ON,45.816,-77.116
Pelham,CA,ON,,
Pelee Island,CA,ON,,
Peel,CA,ON,,
Parry Sound,CA,ON,,
Parkhill,CA,ON,,
Paris,CA,ON,,
Palmerston,CA,ON,,
Palgrave,CA,ON,,
Paisley,CA,ON,,
Pain Court,CA,ON,,
Oxford,CA,ON,,
Owen Sound,CA,ON,44.567,-80.943
Ottawa West,CA,ON,,
Ottawa South,CA,ON,,
Ottawa East,CA,ON,,
Ottawa,CA,ON,45.411,-75.698
Oshawa,CA,ON,43.9,-78.849
Osgoode,CA,ON,,
Orono,CA,ON,,
Oro-Medonte,CA,ON,,
Oro Station,CA,ON,,
Oro,CA,ON,,
Orleans,CA,ON,,
Orillia,CA,ON,44.608,-79.42
Orangeville,CA,ON,43.916,-80.099
Omemee,CA,ON,,
Oldcastle,CA,ON,,
Oil Springs,CA,ON,,
Ohsweken,CA,ON,,
Odessa,CA,ON,,
Oba,CA,ON,,
Oakville,CA,ON,43.4501,-79.6829
Oakland,CA,ON,,
Oakdale,CA,ON,,
Oak Ridges,CA,ON,,
Nottawa,CA,ON,,
Norwood,CA,ON,,
Norwich,CA,ON,,
Northumberland,CA,ON,,
North York,CA,ON,43.766,-79.416
North Perth,CA,ON,,
North Oshawa,CA,ON,,
North Gower,CA,ON,,
North Bay,CA,ON,46.316,-79.466
Norfolk County,CA,ON,42.833,-80.382
Norfolk,CA,ON,,
Nobleton,CA,ON,,
Nipigon,CA,ON,,
Niagara-on-the-Lake,CA,ON,,
Niagara Falls,CA,ON,43.1,-79.066
Niagara,CA,ON,,
Newmarket,CA,ON,44.0501,-79.4663
Newcastle,CA,ON,,
Newbury,CA,ON,,
New Lowell,CA,ON,,
New Liskeard,CA,ON,,
New Hamburg,CA,ON,,
New Glasgow,CA,ON,,
New Dundee,CA,ON,,
Nestor Falls,CA,ON,,
Nepean,CA,ON,,
Navan,CA,ON,,
National Capital Region,CA,ON,,
Nanticoke,CA,ON,,
NA,CA,ON,,
Muskoka Falls,CA,ON,,
Muskoka,CA,ON,,
Munster,CA,ON,,
Mulmur,CA,ON,,
Muirkirk,CA,ON,,
Mount Pleasant,CA,ON,,
Mount Forest,CA,ON,,
Mount Albert,CA,ON,,
Morrisburg,CA,ON,,
Morewood,CA,ON,,
Moose Creek,CA,ON,,
Mooretown,CA,ON,,
Moonstone,CA,ON,,
Mono,CA,ON,,
Mitchell,CA,ON,,
Mississauga Valley,CA,ON,,
Mississauga Beach,CA,ON,,
Mississauga,CA,ON,43.578,-79.658
Minett,CA,ON,,
Minden,CA,ON,,
Mimico,CA,ON,,
Milverton,CA,ON,,
Milton,CA,ON,43.5168,-79.8829
Mills,CA,ON,,
Millbrook,CA,ON,,
Midland,CA,ON,44.75,-79.882
Midhurst,CA,ON,,
Metcalfe,CA,ON,,
Merrickville,CA,ON,,
Melancthon,CA,ON,,
Meaford,CA,ON,,
Meadowvale Village,CA,ON,,
Mckerrow,CA,ON,,
Mcgregor,CA,ON,,
Maxville,CA,ON,,
Mattice,CA,ON,,
Matheson,CA,ON,,
Mathers Corners,CA,ON,,
Matachewan,CA,ON,,
Marmora,CA,ON,,
Markham,CA,ON,43.8668,-79.2663
Markdale,CA,ON,,
Marathon,CA,ON,,
Mar,CA,ON,,
Maplegrove,CA,ON,,
Maple Grove,CA,ON,,
Maple,CA,ON,,
Manotick,CA,ON,,
Manchester,CA,ON,,
Malton,CA,ON,,
Mallorytown,CA,ON,,
Malakoff,CA,ON,,
Maidstone,CA,ON,,
Magnetawan,CA,ON,,
Mactier,CA,ON,,
Lynden,CA,ON,,
Lucknow,CA,ON,,
Lucan,CA,ON,,
Loretto,CA,ON,,
Longueuil,CA,ON,,
Longlac,CA,ON,,
Long Sault,CA,ON,,
London,CA,ON,42.983,-81.233
Lombardy,CA,ON,,
Lively,CA,ON,,
Little Current,CA,ON,,
Little Britain,CA,ON,,
Listowel,CA,ON,,
Lion's Head,CA,ON,,
Lindsay,CA,ON,,
Lincoln,CA,ON,,
Levack,CA,ON,,
Leonard,CA,ON,,
Lefroy,CA,ON,,
Lefaivre,CA,ON,,
Leeds,CA,ON,,
Leaside,CA,ON,,
Leamington,CA,ON,42.054,-82.606
Laurel,CA,ON,,
LaSalle,CA,ON,,
Langton,CA,ON,,
Lancaster,CA,ON,,
Lanark,CA,ON,,
Lambton Shores,CA,ON,,
Lakeside,CA,ON,,
Lakeshore,CA,ON,,
Lakefield,CA,ON,,
Lake Charles,CA,ON,,
L'orignal,CA,ON,,
Komoka,CA,ON,,
Kleinburg,CA,ON,,
Kitchener-Waterloo,CA,ON,,
Kitchener,CA,ON,43.45,-80.482
Kirkland Lake,CA,ON,,
Kingsville,CA,ON,,
Kingston,CA,ON,44.229,-76.48
King City,CA,ON,,
King,CA,ON,,
Kincardine,CA,ON,,
Kilworthy,CA,ON,,
Kettle Point,CA,ON,,
Keswick,CA,ON,44.25,-79.466
Kent Bridge,CA,ON,,
Kenora,CA,ON,49.816,-94.433
Kenilworth,CA,ON,,
Kemptville,CA,ON,,
Kawartha Lakes,CA,ON,44.583,-78.832
Kashechewan,CA,ON,,
Kapuskasing,CA,ON,,
Kanata,CA,ON,,
Kaladar,CA,ON,,
Kakabeka Falls,CA,ON,,
Jordan Station,CA,ON,,
Jordan,CA,ON,,
Jean,CA,ON,,
Jarvis,CA,ON,,
Jacques,CA,ON,,
Iroquois Falls,CA,ON,,
Iroquois,CA,ON,,
Innisfil Heights,CA,ON,,
Innisfil,CA,ON,,
Innerkip,CA,ON,,
Ingleside,CA,ON,,
Ingersoll,CA,ON,,
Ignace,CA,ON,,
Hyde Park,CA,ON,,
Huron Park,CA,ON,,
Huron East,CA,ON,,
Huron,CA,ON,,
Huntsville,CA,ON,45.333,-79.216
Humber,CA,ON,,
Hornepayne,CA,ON,,
Hornby,CA,ON,,
Honey Harbour,CA,ON,,
Holland Landing,CA,ON,,
Holland Centre,CA,ON,,
Hillsburgh,CA,ON,,
Hill,CA,ON,,
Hepworth,CA,ON,,
Hensall,CA,ON,,
Hearst,CA,ON,,
Head,CA,ON,,
Hawkesbury,CA,ON,,
Harwood,CA,ON,,
Harrow,CA,ON,,
Harriston,CA,ON,,
Hanover,CA,ON,,
Hannon,CA,ON,,
Hanmer,CA,ON,,
Hammond,CA,ON,,
Hamilton,CA,ON,43.233,-79.949
Halton Hills,CA,ON,43.6403,-79.9315
Halton,CA,ON,,
Halifax,CA,ON,,
Haliburton,CA,ON,,
Haldimand County,CA,ON,42.983,-79.866
Haileybury,CA,ON,,
Hagersville,CA,ON,,
Guelph/Eramosa,CA,ON,,
Guelph,CA,ON,43.55,-80.249
Gross,CA,ON,,
Grimsby,CA,ON,,
Greely,CA,ON,,
Greater Toronto Area,CA,ON,,
Greater Sudbury,CA,ON,46.49,-80.99
Greater Napanee,CA,ON,44.25,-76.949
Gravenhurst,CA,ON,,
Grassie,CA,ON,,
Grand Valley,CA,ON,,
Grand Bend,CA,ON,,
Grafton,CA,ON,,
Gormley,CA,ON,,
Gore Bay,CA,ON,,
Golden Horseshoe,CA,ON,,
Godfrey,CA,ON,,
Goderich,CA,ON,,
Gloucester,CA,ON,,
Glencoe,CA,ON,,
Glen,CA,ON,,
Geraldton,CA,ON,,
Georgina,CA,ON,,
Georgian Bay,CA,ON,,
Georgetown,CA,ON,,
Gatineau,CA,ON,,
Garson,CA,ON,,
Gananoque,CA,ON,,
Frontenac,CA,ON,,
Frederick,CA,ON,,
Fort Frances,CA,ON,,
Fort Erie,CA,ON,42.9,-78.932
Fort Albany,CA,ON,,
Formosa,CA,ON,,
Forest,CA,ON,,
Fonthill,CA,ON,,
Florence,CA,ON,,
Flesherton,CA,ON,,
Flamborough,CA,ON,,
Feversham,CA,ON,,
Fergus,CA,ON,,
Fenwick,CA,ON,,
Fenelon Falls,CA,ON,,
Exeter,CA,ON,,
Everett,CA,ON,,
Etobicoke,CA,ON,,
Essex,CA,ON,,
Espanola,CA,ON,,
Erindale,CA,ON,,
Erin,CA,ON,,
Ennismore,CA,ON,,
Englehart,CA,ON,,
Emsdale,CA,ON,,
Embrun,CA,ON,,
Embro,CA,ON,,
Elora,CA,ON,,
Elmvale,CA,ON,,
Elmira,CA,ON,,
Elliot Lake,CA,ON,,
Ellesmere,CA,ON,,
Elk Lake,CA,ON,,
Elgin,CA,ON,,
East York,CA,ON,,
East Gwillimbury,CA,ON,,
Ear Falls,CA,ON,,
Eagle Lake,CA,ON,,
Dwight,CA,ON,,
Dutton,CA,ON,,
Durham Region,CA,ON,,
Durham,CA,ON,,
Dunnville,CA,ON,,
Dundas,CA,ON,,
Dundalk,CA,ON,,
Dunchurch,CA,ON,,
Dubreuilville,CA,ON,,
Dryden,CA,ON,,
Dresden,CA,ON,,
Drayton,CA,ON,,
Doyle,CA,ON,,
Downsview,CA,ON,,
Douro-Dummer,CA,ON,,
Dorset,CA,ON,,
Dorchester,CA,ON,,
Doon,CA,ON,,
Don Mills,CA,ON,,
Dixie,CA,ON,,
Detour Lake,CA,ON,,
Deseronto,CA,ON,,
Delhi,CA,ON,,
Delaware,CA,ON,,
Deep River,CA,ON,,
Day,CA,ON,,
Dashwood,CA,ON,,
Darlington,CA,ON,,
Curran,CA,ON,,
Cumberland,CA,ON,,
Crystal Beach,CA,ON,,
Creemore,CA,ON,,
Craigleith,CA,ON,,
Courtland,CA,ON,,
Courtice,CA,ON,,
Corunna,CA,ON,,
Cornwall,CA,ON,45.018,-74.728
Corbeil,CA,ON,,
Copper Cliff,CA,ON,,
Copenhagen,CA,ON,,
Cookstown,CA,ON,,
Concord,CA,ON,,
Comber,CA,ON,,
Collingwood,CA,ON,44.483,-80.216
Coldwater,CA,ON,,
Colchester,CA,ON,,
Colborne,CA,ON,,
Cochrane,CA,ON,,
Cobourg,CA,ON,43.959,-78.165
Cobden,CA,ON,,
Cobalt,CA,ON,,
Clinton,CA,ON,,
Clear Creek,CA,ON,,
Clarksburg,CA,ON,,
Clarington,CA,ON,43.9948,-78.6749
Clarence-Rockland,CA,ON,45.55,-75.291
Clarence Creek,CA,ON,,
Chesterville,CA,ON,,
Chesley,CA,ON,,
Chelmsford,CA,ON,,
Chatsworth,CA,ON,,
Chatham-Kent,CA,ON,42.4,-82.183
Charing Cross,CA,ON,,
Chapleau,CA,ON,,
Chalk River,CA,ON,,
Centralia,CA,ON,,
Cayuga,CA,ON,,
Cavan,CA,ON,,
Catharine,CA,ON,,
Casselman,CA,ON,,
Carrying Place,CA,ON,,
Carry,CA,ON,,
Carp,CA,ON,,
Carleton Place,CA,ON,,
Carleton Heights,CA,ON,,
Carleton,CA,ON,,
Cannington,CA,ON,,
Campbellville,CA,ON,,
Campbellford,CA,ON,,
Camlachie,CA,ON,,
Cambridge,CA,ON,43.36,-80.312
Caledonia,CA,ON,,
Caledon Village,CA,ON,,
Caledon East,CA,ON,,
Caledon,CA,ON,43.8753,-79.8558
Calabogie,CA,ON,,
Burton,CA,ON,,
Burnhamthorpe,CA,ON,,
Burlington,CA,ON,43.386,-79.837
Burk's Falls,CA,ON,,
Burford,CA,ON,,
Buckhorn,CA,ON,,
Brussels,CA,ON,,
Bruce,CA,ON,,
Brooklin,CA,ON,,
Brockville,CA,ON,44.583,-75.682
Brighton,CA,ON,,
Bright's Grove,CA,ON,,
Bright,CA,ON,,
Bridgenorth,CA,ON,,
Breslau,CA,ON,,
Brechin,CA,ON,,
Brantford,CA,ON,43.133,-80.266
Brampton,CA,ON,43.683,-79.766
Bradford West Gwillimbury,CA,ON,44.116,-79.616
Bradford,CA,ON,,
Bracebridge,CA,ON,,
Bowmanville,CA,ON,,
Bothwell,CA,ON,,
Borden,CA,ON,,
Bond Head,CA,ON,,
Bolton,CA,ON,,
Bobcaygeon,CA,ON,,
Blyth,CA,ON,,
Bluewater,CA,ON,,
Blue Mountains,CA,ON,,
Blue Mountain,CA,ON,,
Bloomingdale,CA,ON,,
Bloomfield,CA,ON,,
Blind River,CA,ON,,
Blenheim,CA,ON,,
Binbrook,CA,ON,,
Bethesda,CA,ON,,
Bethany,CA,ON,,
Best,CA,ON,,
Bells Corners,CA,ON,,
Belleville,CA,ON,44.178,-77.37
Belle River,CA,ON,,
Beeton,CA,ON,,
Beaverton,CA,ON,,
Beamsville,CA,ON,,
Bayview Village,CA,ON,,
Bayshore,CA,ON,,
Bath,CA,ON,,
Barrys Bay,CA,ON,,
Barrie,CA,ON,44.4,-79.666
Barrhaven,CA,ON,,
Bancroft,CA,ON,,
Balmertown,CA,ON,,
Ballantrae,CA,ON,,
Baldwin,CA,ON,,
Bala,CA,ON,,
Baden,CA,ON,,
Azilda,CA,ON,,
Ayr,CA,ON,,
Aylmer,CA,ON,,
Aurora,CA,ON,44.0001,-79.4663
Atikokan,CA,ON,,
Athens,CA,ON,,
Astra,CA,ON,,
Ashton,CA,ON,,
Ashburn,CA,ON,,
Arthur,CA,ON,,
Arnprior,CA,ON,,
Arkona,CA,ON,,
Ariss,CA,ON,,
Appin,CA,ON,,
Angus,CA,ON,,
Angling Lake,CA,ON,,
Ancaster,CA,ON,,
Amherstview,CA,ON,,
Amherstburg,CA,ON,,
Amberley,CA,ON,,
Alvinston,CA,ON,,
Alton,CA,ON,,
Almonte,CA,ON,,
Alliston,CA,ON,,
Allenford,CA,ON,,
Algonquin Provincial Park,CA,ON,,
Algonquin,CA,ON,,
Alfred,CA,ON,,
Alexandria,CA,ON,,
Ajax,CA,ON,43.85,-79.033
Acton,CA,ON,,
Aberfoyle,CA,ON,,
Rankin Inlet,CA,NU,,
NA,CA,NU,,
Iqaluit,CA,NU,,
Igloolik,CA,NU,,
Hope Bay,CA,NU,,
Hall Beach,CA,NU,,
Grise Fiord,CA,NU,,
Cape Dorset,CA,NU,,
Cambridge Bay,CA,NU,,
Baker Lake,CA,NU,,
Yellowknife,CA,NT,62.456,-114.352
Tulita,CA,NT,,
Tuktoyaktuk,CA,NT,,
Norman Wells,CA,NT,,
NA,CA,NT,,
Inuvik,CA,NT,,
Hay River,CA,NT,,
Fort Smith,CA,NT,,
Fort Simpson,CA,NT,,
Fort Resolution,CA,NT,,
Fort Providence,CA,NT,,
Fort McPherson,CA,NT,,
Yarmouth,CA,NS,,
Wolfville,CA,NS,,
Windsor Junction,CA,NS,,
Windsor,CA,NS,,
Westville,CA,NS,,
Western Shore,CA,NS,,
Westchester Station,CA,NS,,
Wedgeport,CA,NS,,
Waterville,CA,NS,,
Wallace,CA,NS,,
Valley,CA,NS,,
Upper Tantallon,CA,NS,,
Tusket,CA,NS,,
Truro Heights,CA,NS,,
Truro,CA,NS,45.366,-63.265
Tantallon,CA,NS,,
Sydney River,CA,NS,,
Sydney Mines,CA,NS,,
Sydney,CA,NS,46.135,-60.183
Stewiacke,CA,NS,,
Stellarton,CA,NS,,
Ste Croix,CA,NS,,
St. Peter's,CA,NS,,
St. Anns,CA,NS,,
Spryfield,CA,NS,,
Springhill,CA,NS,,
South Shore,CA,NS,,
Sonora,CA,NS,,
Shubenacadie,CA,NS,,
Short Beach,CA,NS,,
Sherbrooke,CA,NS,,
Shelburne,CA,NS,,
Sheet Harbour,CA,NS,,
Queens,CA,NS,,
Pugwash,CA,NS,,
Pubnico,CA,NS,,
Port Williams,CA,NS,,
Port Mouton,CA,NS,,
Port Hood,CA,NS,,
Port Hawkesbury,CA,NS,,
Point Tupper,CA,NS,,
Pleasant Hill,CA,NS,,
Pictou,CA,NS,,
Parrsboro,CA,NS,,
Oxford,CA,NS,,
Northwest,CA,NS,,
North Sydney,CA,NS,,
North Kemptville,CA,NS,,
New Waterford,CA,NS,,
New Ross,CA,NS,,
New Minas,CA,NS,,
New Glasgow,CA,NS,45.583,-62.648
New Germany,CA,NS,,
NA,CA,NS,,
Musquodoboit Harbour,CA,NS,,
Mount Uniacke,CA,NS,,
Millbrook,CA,NS,,
Middleton,CA,NS,,
Middle West Pubnico,CA,NS,,
Middle Sackville,CA,NS,,
Membertou,CA,NS,,
Mahone Bay,CA,NS,,
Lunenburg,CA,NS,,
Lower West Pubnico,CA,NS,,
Lower Sackville,CA,NS,,
Liverpool,CA,NS,,
Lexington,CA,NS,,
Kingston,CA,NS,,
Kings,CA,NS,,
Kentville,CA,NS,,
Inverness,CA,NS,,
Ingonish,CA,NS,,
Howie Center,CA,NS,,
Hantsport,CA,NS,,
Hammonds Plains,CA,NS,,
Halifax Regional Municipality,CA,NS,,
Halifax,CA,NS,44.645,-63.572
Hacketts Cove,CA,NS,,
Guysborough,CA,NS,,
Greenwood,CA,NS,,
Glace Bay,CA,NS,46.196,-59.956
Fletchers Lake,CA,NS,,
Fall River,CA,NS,,
Enfield,CA,NS,,
Elmsdale,CA,NS,,
Edwardsville,CA,NS,,
East Mountain,CA,NS,,
Dominion,CA,NS,,
Digby,CA,NS,,
Debert,CA,NS,,
Dartmouth Crossing,CA,NS,,
Dartmouth,CA,NS,44.671,-63.577
Cow Bay,CA,NS,,
Cornwallis,CA,NS,,
Cookville,CA,NS,,
Cole Harbour,CA,NS,44.672,-63.475
Coldbrook,CA,NS,,
Colchester,CA,NS,,
Clark's Harbour,CA,NS,,
Clare,CA,NS,,
Church Point,CA,NS,,
Chéticamp,CA,NS,,
Chester Basin,CA,NS,,
Chester,CA,NS,,
Cape Breton,CA,NS,46.0001,-60.3152
Canso,CA,NS,,
Canning,CA,NS,,
Cambridge,CA,NS,,
Caledonia,CA,NS,,
Burnside,CA,NS,,
Brookside,CA,NS,,
Bridgewater,CA,NS,,
Bridgetown,CA,NS,,
Bible Hill,CA,NS,,
Berwick,CA,NS,,
Bedford,CA,NS,,
Beaver Bank,CA,NS,,
Bear River,CA,NS,,
Barrington Passage,CA,NS,,
Barrington,CA,NS,,
Baddeck,CA,NS,,
Aylesford,CA,NS,,
Avonport,CA,NS,,
Atlantic,CA,NS,,
Arichat,CA,NS,,
Arcadia,CA,NS,,
Antigonish,CA,NS,,
Annapolis Royal,CA,NS,,
Annapolis,CA,NS,,
Amherst,CA,NS,,
Windsor,CA,NL,,
Whitbourne,CA,NL,,
Wabush,CA,NL,,
Upper Island Cove,CA,NL,,
Twillingate,CA,NL,,
Traytown,CA,NL,,
Torbay,CA,NL,,
Tilting,CA,NL,,
Stephenville,CA,NL,,
St. Mary's,CA,NL,,
St. Lawrence,CA,NL,,
St. John's,CA,NL,47.564,-52.709
St. Anthony,CA,NL,,
Spaniards Bay,CA,NL,,
Spaniard's Bay,CA,NL,,
Shoal Harbour,CA,NL,,
Seldom,CA,NL,,
Rocky Harbour,CA,NL,,
Portugal Cove-St. Philip's,CA,NL,,
Portugal Cove-st Philips,CA,NL,,
Port aux Basques,CA,NL,,
Port au Choix,CA,NL,,
Point Leamington,CA,NL,,
Plum Point,CA,NL,,
Placentia,CA,NL,,
Petty Harbour,CA,NL,,
Pasadena,CA,NL,,
Paradise,CA,NL,,
Norris Point,CA,NL,,
Nain,CA,NL,,
NA,CA,NL,,
Mount Pearl,CA,NL,47.516,-52.781
Melrose,CA,NL,,
Marystown,CA,NL,,
Long Harbour,CA,NL,,
Lewisporte,CA,NL,,
Labrador City,CA,NL,,
Hopedale,CA,NL,,
Holyrood,CA,NL,,
Herring Neck,CA,NL,,
Hawke's Bay,CA,NL,,
Harbour Breton,CA,NL,,
Happy Valley-Goose Bay,CA,NL,,
Green's Harbour,CA,NL,,
Grand Falls-Windsor,CA,NL,,
Grand Falls,CA,NL,,
Grand Bank,CA,NL,,
Goose Bay,CA,NL,,
Gander,CA,NL,,
Foxtrap,CA,NL,,
Fortune,CA,NL,,
Forteau,CA,NL,,
Fogo,CA,NL,,
Fermeuse,CA,NL,,
Doyles,CA,NL,,
Deer Lake,CA,NL,,
Corner Brook,CA,NL,48.966,-57.948
Conception Bay South,CA,NL,47.499,-52.998
Come By Chance,CA,NL,,
Clarenville,CA,NL,,
Charleston,CA,NL,,
Cartwright,CA,NL,,
Carbonear,CA,NL,,
Burlington,CA,NL,,
Burin,CA,NL,,
Bull Arm,CA,NL,,
Botwood,CA,NL,,
Bonne Bay,CA,NL,,
Bonavista,CA,NL,,
Blaketown,CA,NL,,
Bishops Falls,CA,NL,,
Bishop's Falls,CA,NL,,
Bay Roberts,CA,NL,,
Bay d'Espoir,CA,NL,,
Baie Verte,CA,NL,,
Woodstock,CA,NB,,
Woodside,CA,NB,,
Weston,CA,NB,,
Val-d'Amour,CA,NB,,
Val Comeau,CA,NB,,
Tracadie-Sheila,CA,NB,,
Sussex East,CA,NB,,
Sussex,CA,NB,,
St. Stephen,CA,NB,,
St. Martins,CA,NB,,
St. George,CA,NB,,
St. André,CA,NB,,
Somerville,CA,NB,,
Shippagan,CA,NB,,
Shediac Cape,CA,NB,,
Shediac,CA,NB,,
Scoudouc,CA,NB,,
Salisbury,CA,NB,,
Saint-Quentin,CA,NB,,
Saint-louis-de-kent,CA,NB,,
Saint-Louis,CA,NB,,
Saint-leonard,CA,NB,,
Saint-basile,CA,NB,,
Saint-Antoine,CA,NB,,
Saint Stephen,CA,NB,,
Saint John,CA,NB,45.272,-66.067
Saint Andrews,CA,NB,,
Sackville,CA,NB,,
Rusagonis,CA,NB,,
Rothesay,CA,NB,,
Rockland,CA,NB,,
Riverview,CA,NB,,
Richibucto,CA,NB,,
Quispamsis,CA,NB,,
Pointe-sapin,CA,NB,,
Perth-andover,CA,NB,,
Paquetville,CA,NB,,
Oromocto,CA,NB,,
New Denmark,CA,NB,,
Neguac,CA,NB,,
NA,CA,NB,,
Moncton Area,CA,NB,,
Moncton,CA,NB,46.115,-64.801
Miramichi,CA,NB,47.004,-65.465
Minto,CA,NB,,
Memramcook,CA,NB,,
Medford,CA,NB,,
Lower St Marys,CA,NB,,
Lower Brighton,CA,NB,,
Lambertville,CA,NB,,
Lac Baker,CA,NB,,
Kirkland,CA,NB,,
Kincardine,CA,NB,,
Jacksonville,CA,NB,,
Island View,CA,NB,,
Irishtown,CA,NB,,
Hopewell Hill,CA,NB,,
Hazelton,CA,NB,,
Havelock,CA,NB,,
Hartland,CA,NB,,
Hanwell,CA,NB,,
Hampton,CA,NB,,
Grande-digue,CA,NB,,
Grand-Sault,CA,NB,,
Grand Manan,CA,NB,,
Grand Falls,CA,NB,,
Grand Bay-Westfield,CA,NB,,
Grafton,CA,NB,,
Glencoe,CA,NB,,
Gagetown,CA,NB,,
Fredericton,CA,NB,45.945,-66.665
Florenceville,CA,NB,,
Elgin,CA,NB,,
Edmundston,CA,NB,47.373,-68.325
Drummond,CA,NB,,
Dorchester,CA,NB,,
Dieppe,CA,NB,46.078,-64.687
Coldstream,CA,NB,,
Cocagne,CA,NB,,
Clifton,CA,NB,,
Clair,CA,NB,,
Chipman,CA,NB,,
Caraquet,CA,NB,,
Cap-Pelé,CA,NB,,
Canterbury,CA,NB,,
Campbellton,CA,NB,,
Burtts Corner,CA,NB,,
Brunswick,CA,NB,,
Bouctouche,CA,NB,,
Blacks Harbour,CA,NB,,
Big River,CA,NB,,
Bathurst,CA,NB,,
Baie-ste-anne,CA,NB,,
Baie-sainte-anne,CA,NB,,
Atholville,CA,NB,,
Woodridge,CA,MB,,
Woodlands,CA,MB,,
Winnitoba,CA,MB,,
Winnipeg,CA,MB,49.884,-97.147
Winkler,CA,MB,,
West St Paul,CA,MB,,
Wawanesa,CA,MB,,
Waterhen,CA,MB,,
Virden,CA,MB,,
Treherne,CA,MB,,
Transcona,CA,MB,,
Thompson,CA,MB,,
The Pas,CA,MB,,
Swan River,CA,MB,,
Stony Mountain,CA,MB,,
Stonewall,CA,MB,,
Steinbach,CA,MB,,
Ste. Rose du Lac,CA,MB,,
Ste. Agathe,CA,MB,,
Ste Agathe,CA,MB,,
Starbuck,CA,MB,,
St. Vital,CA,MB,,
St. Pierre Jolys,CA,MB,,
St. Jean Baptiste,CA,MB,,
St. Andrews,CA,MB,,
St. Adolphe,CA,MB,,
Southport,CA,MB,,
Souris,CA,MB,,
Snow Lake,CA,MB,,
Shoal Lake,CA,MB,,
Shilo,CA,MB,,
Selkirk,CA,MB,,
Scanterbury,CA,MB,,
Saskatchewan,CA,MB,,
S Lake,CA,MB,,
Russell,CA,MB,,
Rosser,CA,MB,,
Rossburn,CA,MB,,
Rosenort,CA,MB,,
Roblin,CA,MB,,
Riverton,CA,MB,,
Rivers,CA,MB,,
Rapid City,CA,MB,,
Pukatawagan,CA,MB,,
Portage la Prairie,CA,MB,,
Pipestone,CA,MB,,
Pilot Mound,CA,MB,,
Opaskwayak,CA,MB,,
Ontario Bay,CA,MB,,
Onanole,CA,MB,,
Oakville,CA,MB,,
Oakbank,CA,MB,,
Oak Bluff,CA,MB,,
Notre Dame de Lourdes,CA,MB,,
North Main,CA,MB,,
Niverville,CA,MB,,
New Bothwell,CA,MB,,
Nelson House,CA,MB,,
Neepawa,CA,MB,,
NA,CA,MB,,
Morris,CA,MB,,
Morden,CA,MB,,
Minnedosa,CA,MB,,
Melita,CA,MB,,
McCreary,CA,MB,,
Manitou,CA,MB,,
Lundar,CA,MB,,
Lockport,CA,MB,,
Leaf Rapids,CA,MB,,
La Salle,CA,MB,,
La Broquerie,CA,MB,,
Killarney,CA,MB,,
Howden,CA,MB,,
Headingley,CA,MB,,
Haywood,CA,MB,,
Hartney,CA,MB,,
Harrowby,CA,MB,,
Hamiota,CA,MB,,
Hadashville,CA,MB,,
Grosse Isle,CA,MB,,
Gretna,CA,MB,,
Grandview,CA,MB,,
Grand Rapids,CA,MB,,
Grand Marais,CA,MB,,
Gimli,CA,MB,,
Gillam,CA,MB,,
Gilbert Plains,CA,MB,,
Garden Hill,CA,MB,,
Fox Lake,CA,MB,,
Flin Flon,CA,MB,,
Fisher Branch,CA,MB,,
Falcon Beach,CA,MB,,
Erickson,CA,MB,,
Elie,CA,MB,,
Eden,CA,MB,,
East St. Paul,CA,MB,,
Deloraine,CA,MB,,
Dauphin,CA,MB,,
Dallas,CA,MB,,
Cross Lake,CA,MB,,
Cromer,CA,MB,,
Cranberry Portage,CA,MB,,
Churchill,CA,MB,,
Carman,CA,MB,,
Carberry,CA,MB,,
Brandon,CA,MB,49.846,-99.953
Boissevain,CA,MB,,
Birds Hill,CA,MB,,
Beausejour,CA,MB,,
Balmoral,CA,MB,,
Baldur,CA,MB,,
Arborg,CA,MB,,
Altona,CA,MB,,
Woss,CA,BC,,
Winfield,CA,BC,,
Williams Lake,CA,BC,,
White Rock,CA,BC,49.016,-122.802
Whistler,CA,BC,,
Westside,CA,BC,,
Westbank,CA,BC,,
West Vancouver,CA,BC,49.3308,-123.16
West Kelowna,CA,BC,49.862,-119.583
Warfield,CA,BC,,
View Royal,CA,BC,,
Victoria,CA,BC,48.432,-123.369
Vernon,CA,BC,50.258,-119.269
Vavenby,CA,BC,,
Vanderhoof,CA,BC,,
Vancouver Island,CA,BC,,
Vancouver,CA,BC,49.249,-123.119
Van Anda,CA,BC,,
Valleyview,CA,BC,,
Valemount,CA,BC,,
Ucluelet,CA,BC,,
Tumbler Ridge,CA,BC,,
Tsawwassen,CA,BC,,
Trail,CA,BC,,
Tofino,CA,BC,,
Tilbury,CA,BC,,
Thornhill,CA,BC,,
Terrace,CA,BC,54.516,-128.603
Taylor,CA,BC,,
Tappen,CA,BC,,
Surrey Centre,CA,BC,,
Surrey,CA,BC,49.106,-122.825
Sunshine Coast,CA,BC,,
Sun Peaks,CA,BC,,
Summerland,CA,BC,,
Stewart,CA,BC,,
Steveston,CA,BC,,
Stave Falls,CA,BC,,
Squamish,CA,BC,,
Sparwood,CA,BC,,
South Surrey,CA,BC,,
Sorrento,CA,BC,,
Sooke,CA,BC,,
Smithers,CA,BC,,
Sidney,CA,BC,,
Sicamous,CA,BC,,
Shuswap,CA,BC,,
Shawnigan Lake,CA,BC,,
Sechelt,CA,BC,,
Sayward,CA,BC,,
Savona,CA,BC,,
Sardis,CA,BC,,
Salt Spring Island,CA,BC,,
Salmon Arm,CA,BC,50.699,-119.302
Salmo,CA,BC,,
Saanichton,CA,BC,,
Saanich,CA,BC,48.5496,-123.3693
Rossland,CA,BC,,
Rockyview,CA,BC,,
Rock Creek,CA,BC,,
Roberts Creek,CA,BC,,
Richmond,CA,BC,49.17,-123.136
Revelstoke,CA,BC,,
Redstone,CA,BC,,
Quesnel,CA,BC,,
Queensborough,CA,BC,,
Queen Charlotte City,CA,BC,,
Quathiaski Cove,CA,BC,,
Qualicum Beach,CA,BC,,
Princeton,CA,BC,,
Prince Rupert,CA,BC,,
Prince George,CA,BC,53.916,-122.753
Powell River,CA,BC,,
Port Moody,CA,BC,49.282,-122.852
Port Kells,CA,BC,,
Port Hardy,CA,BC,,
Port Coquitlam,CA,BC,49.2664,-122.7693
Port Alberni,CA,BC,49.241,-124.802
Pitt Meadows,CA,BC,49.221,-122.689
Pink Mountain,CA,BC,,
Penticton,CA,BC,49.48,-119.585
Pender Harbour,CA,BC,,
Pemberton,CA,BC,,
Peachland,CA,BC,,
Parksville,CA,BC,49.316,-124.319
Park Royal,CA,BC,,
Panorama,CA,BC,,
Pacific,CA,BC,,
Osoyoos,CA,BC,,
Oliver,CA,BC,,
Okanagan Falls,CA,BC,,
Okanagan,CA,BC,,
Oakridge,CA,BC,,
North Vancouver,CA,BC,49.316,-123.069
North Saanich,CA,BC,,
North Delta,CA,BC,,
North Cowichan,CA,BC,48.841,-123.685
Nootka,CA,BC,,
Newton,CA,BC,,
New Westminster,CA,BC,49.206,-122.91
New Denver,CA,BC,,
Nelson,CA,BC,,
Nechako,CA,BC,,
Naramata,CA,BC,,
Nanaimo,CA,BC,49.166,-123.936
Nakusp,CA,BC,,
NA,CA,BC,,
Muncho Lake,CA,BC,,
Mount Currie,CA,BC,,
Mission,CA,BC,49.133,-122.314
Mill Bay,CA,BC,,
Midway,CA,BC,,
Metrotown,CA,BC,,
Merritt,CA,BC,,
Meadow Creek,CA,BC,,
McBride,CA,BC,,
Masset,CA,BC,,
Maple Ridge,CA,BC,49.219,-122.601
Manning Park,CA,BC,,
Malahat,CA,BC,,
Mackenzie,CA,BC,,
Lytton,CA,BC,,
Lumby,CA,BC,,
Lower Mainland,CA,BC,,
Logan Lake,CA,BC,,
Lindell Beach,CA,BC,,
Lillooet,CA,BC,,
Lavington,CA,BC,,
Lantzville,CA,BC,,
Langley,CA,BC,49.099,-122.652
Langford,CA,BC,48.449,-123.502
Lake Cowichan,CA,BC,,
Lake Country,CA,BC,,
Ladysmith,CA,BC,,
Ladner,CA,BC,49.089,-123.082
Kootenay,CA,BC,,
Kitsilano,CA,BC,,
Kitimat,CA,BC,,
Kimberley,CA,BC,,
Kerrisdale,CA,BC,,
Keremeos,CA,BC,,
Kemano,CA,BC,,
Kelowna,CA,BC,49.883,-119.485
Kamloops,CA,BC,50.666,-120.319
Kaleden,CA,BC,,
Invermere,CA,BC,,
Hudson's Hope,CA,BC,,
Houston,CA,BC,,
Hope,CA,BC,,
Holberg,CA,BC,,
Heriot Bay,CA,BC,,
Headquarters,CA,BC,,
Hazelton,CA,BC,,
Harrison Hot Springs,CA,BC,,
Haney,CA,BC,,
Hagensborg,CA,BC,,
Guildford,CA,BC,,
Greenwood,CA,BC,,
Grand Forks,CA,BC,,
Golden,CA,BC,,
Gold River,CA,BC,,
Gold Bridge,CA,BC,,
Gillies Bay,CA,BC,,
Gibsons,CA,BC,,
Garden Bay,CA,BC,,
Gabriola,CA,BC,,
Fraser Valley Regional District,CA,BC,,
Fort Steele,CA,BC,,
Fort St. John,CA,BC,56.249,-120.852
Fort St James,CA,BC,,
Fort Nelson,CA,BC,,
Fort Langley,CA,BC,,
Field,CA,BC,,
Fernie,CA,BC,,
Fairmont Hot Springs,CA,BC,,
Esquimalt,CA,BC,,
Engineer,CA,BC,,
Enderby,CA,BC,,
Emerald Lake,CA,BC,,
Elkford,CA,BC,,
East Kelowna,CA,BC,,
Dunsmuir,CA,BC,,
Duncan,CA,BC,48.782,-123.702
Douglas Lake,CA,BC,,
Delta,CA,BC,49.143,-122.906
Dease Lake,CA,BC,,
Dawson Creek,CA,BC,,
Crofton,CA,BC,,
Creston,CA,BC,,
Cranbrook,CA,BC,49.499,-115.768
Courtenay,CA,BC,49.686,-124.993
Coquitlam,CA,BC,49.282,-122.752
Coombs,CA,BC,,
Comox Valley,CA,BC,,
Comox,CA,BC,,
Colwood,CA,BC,,
Coldstream,CA,BC,,
Cobble Hill,CA,BC,,
Cloverdale,CA,BC,,
Clearwater,CA,BC,,
Christina Lake,CA,BC,,
Chilliwack,CA,BC,49.174,-121.944
Chetwynd,CA,BC,,
Cherryville,CA,BC,,
Chemainus,CA,BC,,
Chase,CA,BC,,
Charlie Lake,CA,BC,,
Central Saanich,CA,BC,,
Cecil Lake,CA,BC,,
Cawston,CA,BC,,
Castlegar,CA,BC,,
Canal Flats,CA,BC,,
Campbell River,CA,BC,50.016,-125.244
Camp Artaban,CA,BC,,
Cache Creek,CA,BC,,
Burns Lake,CA,BC,,
Burnaby,CA,BC,49.266,-122.952
Buick,CA,BC,,
Brilliant,CA,BC,,
Brentwood Bay,CA,BC,,
Bowen Island,CA,BC,,
Boston Bar,CA,BC,,
Blue River,CA,BC,,
Blind Bay,CA,BC,,
Black Creek,CA,BC,,
Bella Coola,CA,BC,,
Bella Bella,CA,BC,,
Barriere,CA,BC,,
Barnet,CA,BC,,
Bamfield,CA,BC,,
Baker Creek,CA,BC,,
Baker,CA,BC,,
Atlin,CA,BC,,
Ashcroft,CA,BC,,
Armstrong,CA,BC,,
Annacis,CA,BC,,
Anmore,CA,BC,,
Alert Bay,CA,BC,,
Aldergrove,CA,BC,,
Agassiz,CA,BC,,
Adams Lake,CA,BC,,
Abbotsford,CA,BC,49.057,-122.252
100 Mile House,CA,BC,,
Yellowhead County,CA,AB,,
Wood Buffalo,CA,AB,57.6644,-112.0069
Willingdon,CA,AB,,
Wildwood,CA,AB,,
Wildcat,CA,AB,,
Whitecourt,CA,AB,,
Wetaskiwin,CA,AB,,
Westlock,CA,AB,,
West Edmonton Mall,CA,AB,,
West Edmonton,CA,AB,,
Wembley,CA,AB,,
Warburg,CA,AB,,
Wandering River,CA,AB,,
Wainwright,CA,AB,,
Wabasca,CA,AB,,
Wabamun,CA,AB,,
Vulcan,CA,AB,,
Viking,CA,AB,,
Vermilion,CA,AB,,
Vegreville,CA,AB,,
Vauxhall,CA,AB,,
Valleyview,CA,AB,,
Two Hills,CA,AB,,
Trochu,CA,AB,,
Tofield,CA,AB,,
Tilley,CA,AB,,
Three Hills,CA,AB,,
Thorsby,CA,AB,,
Thorhild,CA,AB,,
Tees,CA,AB,,
Taber,CA,AB,,
Sylvan Lake,CA,AB,,
Swan Hills,CA,AB,,
Sundre,CA,AB,,
Sturgeon County,CA,AB,,
Strathmore,CA,AB,,
Strathcona County,CA,AB,53.5857,-113.1001
Stony Plain,CA,AB,,
Stettler,CA,AB,,
Stavely,CA,AB,,
Star,CA,AB,,
St. Paul,CA,AB,,
St. Albert,CA,AB,53.633,-113.635
Spruce View,CA,AB,,
Spruce Grove,CA,AB,53.533,-113.918
Spirit River,CA,AB,,
South Calgary,CA,AB,,
Solomon,CA,AB,,
Smoky Lake,CA,AB,,
Smith,CA,AB,,
Slave Lake,CA,AB,,
Silver Valley,CA,AB,,
Silver Heights,CA,AB,,
Sherwood Park,CA,AB,53.516,-113.318
Sexsmith,CA,AB,,
Sedgewick,CA,AB,,
Schuler,CA,AB,,
Savanna,CA,AB,,
Saulteaux,CA,AB,,
Ryley,CA,AB,,
Rycroft,CA,AB,,
Rolling Hills,CA,AB,,
Rocky View,CA,AB,,
Rocky Mountain House,CA,AB,,
Rocky Lane,CA,AB,,
Rimbey,CA,AB,,
Redwood Meadows,CA,AB,,
Redwater,CA,AB,,
Redcliff,CA,AB,,
Red Earth Creek,CA,AB,,
Red Deer County,CA,AB,,
Red Deer,CA,AB,52.266,-113.802
Raymond,CA,AB,,
Rainbow Lake,CA,AB,,
Provost,CA,AB,,
Priddis,CA,AB,,
Prentiss,CA,AB,,
Ponoka,CA,AB,,
Pincher Creek,CA,AB,,
Pigeon Lake,CA,AB,,
Picture Butte,CA,AB,,
Penhold,CA,AB,,
Peers,CA,AB,,
Peerless Lake,CA,AB,,
Peace River,CA,AB,,
Parkland County,CA,AB,,
Oyen,CA,AB,,
Onoway,CA,AB,,
Olds,CA,AB,,
Okotoks,CA,AB,,
Nobleford,CA,AB,,
Niton Junction,CA,AB,,
Nisku,CA,AB,,
Navarre,CA,AB,,
Nanton,CA,AB,,
NA,CA,AB,,
Mountain View County,CA,AB,,
Mountain View,CA,AB,,
Mountain House,CA,AB,,
Morley,CA,AB,,
Morinville,CA,AB,,
Millet,CA,AB,,
Millarville,CA,AB,,
Milk River,CA,AB,,
Medicine Hat,CA,AB,50.05,-110.668
McLennan,CA,AB,,
Mayerthorpe,CA,AB,,
Manning,CA,AB,,
Mallaig,CA,AB,,
Ma-Me-O Beach,CA,AB,,
Lynnwood,CA,AB,,
Lloydminster,CA,AB,,
Lincoln,CA,AB,,
Lethbridge,CA,AB,49.699,-112.818
Leslieville,CA,AB,,
Leduc County,CA,AB,,
Leduc,CA,AB,53.266,-113.552
Lavoy,CA,AB,,
Lancaster Park,CA,AB,,
Lamont,CA,AB,,
Lake Louise,CA,AB,,
Lacombe,CA,AB,,
Lac La Biche,CA,AB,,
La Glace,CA,AB,,
La Crête,CA,AB,,
Kirriemuir,CA,AB,,
Killam,CA,AB,,
Keho Lake,CA,AB,,
Kananaskis Village,CA,AB,,
Kananaskis,CA,AB,,
Jasper,CA,AB,,
Irricana,CA,AB,,
Innisfail,CA,AB,,
Hinton,CA,AB,,
Hines Creek,CA,AB,,
Highland Park,CA,AB,,
High River,CA,AB,,
High Prairie,CA,AB,,
High Level,CA,AB,,
Henday,CA,AB,,
Hardisty,CA,AB,,
Hanna,CA,AB,,
Guy,CA,AB,,
Grimshaw,CA,AB,,
Grassland,CA,AB,,
Grande Prairie,CA,AB,55.166,-118.802
Grande Cache,CA,AB,,
Gibbons,CA,AB,,
Genesee,CA,AB,,
Fox Creek,CA,AB,,
Fort Vermilion,CA,AB,,
Fort Saskatchewan,CA,AB,,
Fort McMurray,CA,AB,,
Fort Macleod,CA,AB,,
Fort Mackay,CA,AB,,
Fort Chipewyan,CA,AB,,
Foremost,CA,AB,,
Falher,CA,AB,,
Fairview,CA,AB,,
Exshaw,CA,AB,,
Evansburg,CA,AB,,
Erskine,CA,AB,,
Equity,CA,AB,,
Enoch,CA,AB,,
Elk Point,CA,AB,,
Edson,CA,AB,,
Edmonton,CA,AB,53.55,-113.468
Eckville,CA,AB,,
East Edmonton,CA,AB,,
Eagle Ridge,CA,AB,,
Dunmore,CA,AB,,
Duffield,CA,AB,,
Duagh,CA,AB,,
Drumheller,CA,AB,,
Drayton Valley,CA,AB,,
Draper,CA,AB,,
Dimsdale,CA,AB,,
Didsbury,CA,AB,,
Diamond City,CA,AB,,
Devon,CA,AB,,
Debolt,CA,AB,,
Dead Man's Flats,CA,AB,,
De Winton,CA,AB,,
Crossfield,CA,AB,,
Cremona,CA,AB,,
County of Grande Prairie No. 1,CA,AB,,
Coronation,CA,AB,,
Consort,CA,AB,,
Conklin,CA,AB,,
Coleman,CA,AB,,
Cold Lake,CA,AB,,
Cochrane,CA,AB,51.183,-114.468
Coaldale,CA,AB,,
Clyde,CA,AB,,
Cluny,CA,AB,,
Clive,CA,AB,,
Claresholm,CA,AB,,
Clairmont,CA,AB,,
Chinook,CA,AB,,
Chestermere,CA,AB,,
Chateh,CA,AB,,
Castor,CA,AB,,
Carstairs,CA,AB,,
Carseland,CA,AB,,
Caroline,CA,AB,,
Carlos,CA,AB,,
Cardston,CA,AB,,
Canmore,CA,AB,,
Camrose,CA,AB,53.016,-112.835
Campbell,CA,AB,,
Calmar,CA,AB,,
Calgary,CA,AB,51.05,-114.085
Calahoo,CA,AB,,
Bruderheim,CA,AB,,
Brooks,CA,AB,,
Brazeau County,CA,AB,,
Bragg Creek,CA,AB,,
Boyle,CA,AB,,
Bow Island,CA,AB,,
Bonnyville,CA,AB,,
Bon Accord,CA,AB,,
Blueberry Mountain,CA,AB,,
Blairmore,CA,AB,,
Blackfoot,CA,AB,,
Blackfalds,CA,AB,,
Birch Cove,CA,AB,,
Big Valley,CA,AB,,
Bentley,CA,AB,,
Beaverlodge,CA,AB,,
Beaumont,CA,AB,,
Bawlf,CA,AB,,
Bassano,CA,AB,,
Barrhead,CA,AB,,
Banff,CA,AB,,
Balzac,CA,AB,,
Atikameg,CA,AB,,
Athabasca,CA,AB,,
Ardmore,CA,AB,,
Anzac,CA,AB,,
Aldersyde,CA,AB,,
Airdrie,CA,AB,51.3,-114.035
Acme,CA,AB,,
Acheson,CA,AB,,
Acadia Valley,CA,AB,,
